scenario,pnl_total,pnl_mean,pnl_worst,pnl_best
spread_parallel_tighten_20pct,-0.057942128445353736,-0.002414255351889739,-0.010968653764516056,5.551115123125783e-17
corr_parallel_up_5pt,-0.02397664429604732,-0.0009990268456686383,-0.0071241367359622665,0.00017114974658913318
corr_smile_steepen,-0.012321354455922848,-0.0005133897689967854,-0.005314693777082602,0.002754168989350353
spread_curve_steepener,0.013924211964268445,0.0005801754985111852,-0.00031336185931088445,0.0022058317512027026
corr_parallel_down_5pt,0.022088925659476802,0.0009203719024782,-0.00018110629636745867,0.007426100940456343
combined_tail_stress,0.04697858039213323,0.001957440849672218,9.136336132087308e-11,0.006828169816124552
spread_parallel_widen_25pct,0.07020259468653628,0.0029251081119390115,0.0,0.011875343395318455
