"pc","explained_variance_ratio"
1,0.827831016414737
2,0.169343832326127
3,0.00282515125913576
