curve_label,mean_abs_residual,max_abs_residual,brent_ratio
Basis_Adjusted,0.002488279641376195,0.015162320100000026,0.875
Index_Mid,0.002488279641376195,0.015162320100000026,0.875
