pc,explained_variance_ratio
1,0.8278310164147373
2,0.1693438323261268
3,0.002825151259135761
