{
  "global": {
    "max_abs_delta_rho": 0.17293340156983422,
    "median_abs_delta_rho": 0.02141828841236277,
    "p95_abs_delta_rho": 0.10931509130525208
  },
  "by_tenor_detachment": {
    "1.0Y@3%": {
      "max_abs_delta_rho": 0.09221905904074751,
      "median_abs_delta_rho": 0.05121828130884852,
      "p95_abs_delta_rho": 0.08759404436046164
    },
    "1.0Y@7%": {
      "max_abs_delta_rho": 0.019388997365116234,
      "median_abs_delta_rho": 0.010851244974643598,
      "p95_abs_delta_rho": 0.019058995642530368
    },
    "1.0Y@10%": {
      "max_abs_delta_rho": 0.005990936999148662,
      "median_abs_delta_rho": 0.002339739753383037,
      "p95_abs_delta_rho": 0.005531974130619632
    },
    "1.0Y@15%": {
      "max_abs_delta_rho": 0.02153475265228573,
      "median_abs_delta_rho": 0.012161480966165653,
      "p95_abs_delta_rho": 0.020565091197639208
    },
    "2.0Y@3%": {
      "max_abs_delta_rho": 0.01808355395595257,
      "median_abs_delta_rho": 0.015305459228724977,
      "p95_abs_delta_rho": 0.017992771201121575
    },
    "2.0Y@7%": {
      "max_abs_delta_rho": 0.042785855675920026,
      "median_abs_delta_rho": 0.034950664529055986,
      "p95_abs_delta_rho": 0.04182406998607972
    },
    "2.0Y@10%": {
      "max_abs_delta_rho": 0.06824277924522487,
      "median_abs_delta_rho": 0.052041325491374274,
      "p95_abs_delta_rho": 0.06783084237115919
    },
    "2.0Y@15%": {
      "max_abs_delta_rho": 0.17293340156983422,
      "median_abs_delta_rho": 0.1331600468452171,
      "p95_abs_delta_rho": 0.17154121756719923
    },
    "3.0Y@3%": {
      "max_abs_delta_rho": 0.016471283981921547,
      "median_abs_delta_rho": 0.010775802759188408,
      "p95_abs_delta_rho": 0.015753983803538044
    },
    "3.0Y@7%": {
      "max_abs_delta_rho": 0.04555781583488211,
      "median_abs_delta_rho": 0.019471417946928887,
      "p95_abs_delta_rho": 0.041919417085515755
    },
    "3.0Y@10%": {
      "max_abs_delta_rho": 0.041593832681046994,
      "median_abs_delta_rho": 0.021623870260795264,
      "p95_abs_delta_rho": 0.039226175494991564
    },
    "3.0Y@15%": {
      "max_abs_delta_rho": 0.07563201770164163,
      "median_abs_delta_rho": 0.03326367059121815,
      "p95_abs_delta_rho": 0.07052810497690767
    },
    "5.0Y@3%": {
      "max_abs_delta_rho": 0.018498720551892778,
      "median_abs_delta_rho": 0.00932847178230592,
      "p95_abs_delta_rho": 0.017245799641919538
    },
    "5.0Y@7%": {
      "max_abs_delta_rho": 0.0240526064921448,
      "median_abs_delta_rho": 0.012206665975957987,
      "p95_abs_delta_rho": 0.022294062796322872
    },
    "5.0Y@10%": {
      "max_abs_delta_rho": 0.026495544672650806,
      "median_abs_delta_rho": 0.01790048065402844,
      "p95_abs_delta_rho": 0.025872417874044006
    },
    "5.0Y@15%": {
      "max_abs_delta_rho": 0.030386329555843528,
      "median_abs_delta_rho": 0.016894429237184094,
      "p95_abs_delta_rho": 0.028574279484547084
    },
    "7.0Y@3%": {
      "max_abs_delta_rho": 0.04374184121306923,
      "median_abs_delta_rho": 0.028217188914904268,
      "p95_abs_delta_rho": 0.04340735096482546
    },
    "7.0Y@7%": {
      "max_abs_delta_rho": 0.08713984429347899,
      "median_abs_delta_rho": 0.052519967745710494,
      "p95_abs_delta_rho": 0.08657702999872842
    },
    "7.0Y@10%": {
      "max_abs_delta_rho": 0.10852090330180209,
      "median_abs_delta_rho": 0.06381698661350088,
      "p95_abs_delta_rho": 0.10795127484687697
    },
    "7.0Y@15%": {
      "max_abs_delta_rho": 0.12930020397481568,
      "median_abs_delta_rho": 0.07611330018408957,
      "p95_abs_delta_rho": 0.12856587288421373
    }
  }
}